Model,Features,Precision,Recall,F1,PR-AUC
Logistic Regression,Local,0.141,0.86,0.243,0.252
Random Forest,Local,0.913,0.708,0.798,0.789
XGBoost,Local,0.734,0.73,0.732,0.787
Logistic Regression,Local + Graph,0.176,0.844,0.291,0.231
Random Forest,Local + Graph,0.945,0.682,0.792,0.783
XGBoost,Local + Graph,0.721,0.729,0.725,0.787
Logistic Regression,All,0.183,0.88,0.304,0.291
Random Forest,All,0.991,0.693,0.815,0.797
XGBoost,All,0.84,0.735,0.784,0.802
Logistic Regression,All + Graph,0.204,0.815,0.327,0.274
Random Forest,All + Graph,0.988,0.688,0.811,0.798
XGBoost,All + Graph,0.842,0.736,0.786,0.803
