time_step,alerts,true_illicit_in_alerts,precision@k,illicit_total,share_of_illicit_caught
35,100,100,1.0,182,0.5494505494505495
36,100,33,0.33,33,1.0
37,100,38,0.38,40,0.95
38,100,100,1.0,111,0.9009009009009009
39,100,76,0.76,81,0.9382716049382716
40,100,77,0.77,112,0.6875
41,100,100,1.0,116,0.8620689655172413
42,100,100,1.0,239,0.41841004184100417
43,100,3,0.03,24,0.125
44,100,3,0.03,24,0.125
45,100,0,0.0,5,0.0
46,100,1,0.01,2,0.5
47,100,1,0.01,22,0.045454545454545456
48,100,16,0.16,36,0.4444444444444444
49,100,27,0.27,56,0.48214285714285715
